Organ,Count,Mean,Median,Q1,Q3
<5mm,467,0.6890780403867363,0.7115384614700444,0.6202039823651269,0.7923850573204281
5-10mm,853,0.7399870296321286,0.7675675675260774,0.6729559748216052,0.838709677329171
10-20mm,657,0.7684493175471778,0.8056779246167124,0.7153780798579833,0.856957087120566
20mm+,500,0.7988847823745389,0.8472044681147184,0.750593715890183,0.8974879931031193
