Count,Mean,Median,Min,Q1,Q3,Max
2477,0.8657252992938363,0.3635342717170715,0.02850000001490116,0.1777271777391434,0.9126660823822021,41.56000518798828
