Organ,Count,Mean,Median,Q1,Q3
<5mm,467,0.5283702545753447,0.2055618911981583,0.14293140918016434,0.38709330558776855
5-10mm,853,0.5255450291028475,0.2331473231315613,0.1337913870811462,0.6447031497955322
10-20mm,657,0.8274200517383703,0.4288220107555389,0.2265019118785858,0.9727194309234619
20mm+,500,1.8114955472946166,0.8946939408779144,0.49024192243814463,2.07760101556778
